Rk,Player,Season,Age,Nation,Team,Comp,MP,Min,90s,Starts,Subs,unSub,Gls,Ast,G+A,G-PK,PK,PKatt,PKm,Pos,-9999
1,Martín Zubimendi,2025-2026,26,es ESP,Arsenal,eng Premier League,5,449,5.0,5,0,0,2,0,2,2,0,0,0,MF,3ee0dd59
2,Joshua Zirkzee,2025-2026,24,nl NED,Manchester Utd,eng Premier League,2,71,0.8,0,2,3,0,0,0,0,0,0,0,FWMF,028e70b9
3,Oleksandr Zinchenko,2025-2026,28,ua UKR,Nott'ham Forest,eng Premier League,1,90,1.0,1,0,0,0,0,0,0,0,0,0,DF,51cf8561
4,Leny Yoro,2025-2026,19,fr FRA,Manchester Utd,eng Premier League,5,342,3.8,4,1,0,0,0,0,0,0,0,0,DF,6763f716
5,Ryan Yates,2025-2026,27,eng ENG,Nott'ham Forest,eng Premier League,3,28,0.3,0,3,2,0,0,0,0,0,0,0,MF,c1fe2a48
6,Yehor Yarmoliuk,2025-2026,21,ua UKR,Brentford,eng Premier League,5,438,4.9,5,0,0,0,0,0,0,0,0,0,MF,907a5d7c
7,Granit Xhaka,2025-2026,32,ch SUI,Sunderland,eng Premier League,5,450,5.0,5,0,0,0,2,2,0,0,0,0,MF,e61b8aee
8,James Wright,2025-2026,20,eng ENG,Aston Villa,eng Premier League,0,,,0,0,1,,,,,,,,GK,9417a430
9,Joe Worrall,2025-2026,28,eng ENG,Burnley,eng Premier League,3,21,0.2,0,3,2,0,0,0,0,0,0,0,DF,a5212312
10,Chris Wood,2025-2026,33,nz NZL,Nott'ham Forest,eng Premier League,5,371,4.1,5,0,0,2,0,2,2,0,0,0,FW,4e9a0555
11,Nick Woltemade,2025-2026,23,de GER,Newcastle Utd,eng Premier League,2,147,1.6,2,0,0,1,0,1,1,0,0,0,FW,7ca196eb
12,Florian Wirtz,2025-2026,22,de GER,Liverpool,eng Premier League,5,364,4.0,4,1,0,0,0,0,0,0,0,0,MFFW,e7fcf289
13,Ben Winterburn,2025-2026,20,eng ENG,Bournemouth,eng Premier League,1,7,0.1,0,1,0,0,0,0,0,0,0,0,MF,ba31eee2
14,Harry Wilson,2025-2026,28,wls WAL,Fulham,eng Premier League,5,294,3.3,3,2,0,1,0,1,1,0,0,0,FW,c6dc9ecd
15,Callum Wilson,2025-2026,33,eng ENG,West Ham,eng Premier League,5,173,1.9,1,4,0,1,0,1,1,0,0,0,FW,c596fcb0
16,Joe Willock,2025-2026,25,eng ENG,Newcastle Utd,eng Premier League,2,87,1.0,1,1,2,0,0,0,0,0,0,0,MF,a3b03921
17,Estêvão Willian,2025-2026,18,br BRA,Chelsea,eng Premier League,4,186,2.1,3,1,0,0,1,1,0,0,0,0,FW,2eda11b1
18,Neco Williams,2025-2026,24,wls WAL,Nott'ham Forest,eng Premier League,5,450,5.0,5,0,0,1,0,1,1,0,0,0,DF,dd323728
19,Mats Wieffer,2025-2026,25,nl NED,Brighton,eng Premier League,3,180,2.0,2,1,0,0,0,0,0,0,0,0,DF,4876c9ab
20,Ben White,2025-2026,27,eng ENG,Arsenal,eng Premier League,1,70,0.8,1,0,2,0,0,0,0,0,0,0,DF,35e413f1
21,Adam Wharton,2025-2026,21,eng ENG,Crystal Palace,eng Premier League,4,300,3.3,4,0,0,0,0,0,0,0,0,0,MF,4b542852
22,Danny Welbeck,2025-2026,34,eng ENG,Brighton,eng Premier League,5,254,2.8,3,2,0,0,0,0,0,0,1,1,FW,ce5143da
23,Max Weiß,2025-2026,21,de GER,Burnley,eng Premier League,0,,,0,0,5,,,,,,,,GK,882228c2
24,Tom Watson,2025-2026,19,eng ENG,Brighton,eng Premier League,0,,,0,0,2,,,,,,,,MF,9886c32e
25,Ollie Watkins,2025-2026,29,eng ENG,Aston Villa,eng Premier League,5,442,4.9,5,0,0,0,0,0,0,0,0,0,FW,aed3a70f
26,James Ward-Prowse,2025-2026,30,eng ENG,West Ham,eng Premier League,5,413,4.6,5,0,0,0,0,0,0,0,0,0,MF,3515d404
27,Aaron Wan-Bissaka,2025-2026,27,cd COD,West Ham,eng Premier League,2,180,2.0,2,0,1,0,0,0,0,0,0,0,DF,9e525177
28,Kyle Walker-Peters,2025-2026,28,eng ENG,West Ham,eng Premier League,4,291,3.2,3,1,1,0,0,0,0,0,0,0,DF,984a5a64
29,Kyle Walker,2025-2026,35,eng ENG,Burnley,eng Premier League,5,450,5.0,5,0,0,0,0,0,0,0,0,0,DF,86dd77d1
30,Luka Vušković,2025-2026,18,hr CRO,Tottenham,eng Premier League,0,,,0,0,2,,,,,,,,DF,fd6bdbce
31,Guglielmo Vicario,2025-2026,28,it ITA,Tottenham,eng Premier League,5,450,5.0,5,0,0,0,0,0,0,0,0,0,GK,77d6fd4d
32,Bart Verbruggen,2025-2026,22,nl NED,Brighton,eng Premier League,5,450,5.0,5,0,0,0,0,0,0,0,0,0,GK,cf134113
33,Micky van de Ven,2025-2026,24,nl NED,Tottenham,eng Premier League,5,439,4.9,5,0,0,1,0,1,1,0,0,0,DF,8fe2a392
34,Joël Veltman,2025-2026,33,nl NED,Brighton,eng Premier League,3,270,3.0,3,0,2,0,0,0,0,0,0,0,DF,dad4b285
35,Virgil van Dijk,2025-2026,34,nl NED,Liverpool,eng Premier League,5,450,5.0,5,0,0,0,0,0,0,0,0,0,DF,e06683ca
36,Hákon Valdimarsson,2025-2026,23,is ISL,Brentford,eng Premier League,0,,,0,0,5,,,,,,,,GK,57a34cf4
37,Lesley Ugochukwu,2025-2026,21,fr FRA,Burnley,eng Premier League,4,254,2.8,3,1,0,0,0,0,0,0,0,0,MF,1df4a109
38,Manuel Ugarte,2025-2026,24,uy URU,Manchester Utd,eng Premier League,4,172,1.9,1,3,1,0,0,0,0,0,0,0,MF,c9817014
39,Destiny Udogie,2025-2026,22,it ITA,Tottenham,eng Premier League,3,130,1.4,1,2,0,0,0,0,0,0,0,0,DF,7cd520e8
40,Christantus Uche,2025-2026,22,ng NGA,Crystal Palace,eng Premier League,1,7,0.1,0,1,1,0,0,0,0,0,0,0,MF,87941696
41,Stefanos Tzimas,2025-2026,19,gr GRE,Brighton,eng Premier League,1,24,0.3,0,1,1,0,0,0,0,0,0,0,FW,a497130f
42,Harry Tyrer,2025-2026,23,eng ENG,Everton,eng Premier League,0,,,0,0,1,,,,,,,,GK,af49fb14
43,Adrien Truffert,2025-2026,23,fr FRA,Bournemouth,eng Premier League,5,450,5.0,5,0,0,0,0,0,0,0,0,0,DF,5d0e0a1f
44,Leandro Trossard,2025-2026,30,be BEL,Arsenal,eng Premier League,3,133,1.5,1,2,2,0,1,1,0,0,0,0,FW,38ceb24a
45,Kieran Trippier,2025-2026,34,eng ENG,Newcastle Utd,eng Premier League,4,315,3.5,4,0,1,0,0,0,0,0,0,0,DF,21512407
46,Mark Travers,2025-2026,26,ie IRL,Everton,eng Premier League,0,,,0,0,5,,,,,,,,GK,fe558029
47,Bertrand Traoré,2025-2026,29,bf BFA,Sunderland,eng Premier League,0,,,0,0,2,,,,,,,,FWMF,c47541e0
48,Adama Traoré,2025-2026,29,es ESP,Fulham,eng Premier League,3,63,0.7,0,3,2,0,0,0,0,0,0,0,FW,9a28eba4
49,James Trafford,2025-2026,22,eng ENG,Manchester City,eng Premier League,3,270,3.0,3,0,2,0,0,0,0,0,0,0,GK,259fea27
50,Pau Torres,2025-2026,28,es ESP,Aston Villa,eng Premier League,2,107,1.2,1,1,3,0,0,0,0,0,0,0,DF,532e1e4f
51,Sandro Tonali,2025-2026,25,it ITA,Newcastle Utd,eng Premier League,5,425,4.7,5,0,0,0,0,0,0,0,0,0,MF,0db169ae
52,Jean-Clair Todibo,2025-2026,25,fr FRA,West Ham,eng Premier League,2,126,1.4,2,0,2,0,0,0,0,0,0,0,DF,88f130ed
53,Jurriën Timber,2025-2026,24,nl NED,Arsenal,eng Premier League,5,342,3.8,4,1,0,2,1,3,2,0,0,0,DF,41034650
54,Youri Tielemans,2025-2026,28,be BEL,Aston Villa,eng Premier League,4,315,3.5,4,0,0,0,0,0,0,0,0,0,MF,56f7a928
55,Malick Thiaw,2025-2026,23,de GER,Newcastle Utd,eng Premier League,2,93,1.0,1,1,3,0,0,0,0,0,0,0,DF,ff5ea0bf
56,Thiago,2025-2026,24,br BRA,Brentford,eng Premier League,5,406,4.5,5,0,0,2,0,2,1,1,1,0,FW,dc45ac24
57,Kenny Tete,2025-2026,29,nl NED,Fulham,eng Premier League,5,450,5.0,5,0,0,0,0,0,0,0,0,0,DF,77d7c96f
58,Mathys Tel,2025-2026,20,fr FRA,Tottenham,eng Premier League,3,99,1.1,1,2,2,0,0,0,0,0,0,0,FW,829aa60c
59,Jackson Tchatchoua,2025-2026,23,cm CMR,Wolves,eng Premier League,4,223,2.5,2,2,0,0,0,0,0,0,0,0,MFDF,aeca7743
60,Loum Tchaouna,2025-2026,21,fr FRA,Burnley,eng Premier League,5,193,2.1,2,3,0,0,0,0,0,0,0,0,MF,a3c8b4d3
61,Marcus Tavernier,2025-2026,26,eng ENG,Bournemouth,eng Premier League,5,407,4.5,5,0,0,1,0,1,1,0,0,0,MF,5c0da4a4
62,James Tarkowski,2025-2026,32,eng ENG,Everton,eng Premier League,5,450,5.0,5,0,0,0,0,0,0,0,0,0,DF,15ea812b
63,Ao Tanaka,2025-2026,26,jp JPN,Leeds United,eng Premier League,3,154,1.7,2,1,1,0,0,0,0,0,0,0,MF,1d36d6b6
64,Chemsdine Talbi,2025-2026,20,ma MAR,Sunderland,eng Premier League,5,384,4.3,5,0,0,0,1,1,0,0,0,0,FWDF,47ce793b
65,Dominik Szoboszlai,2025-2026,24,hu HUN,Liverpool,eng Premier League,5,450,5.0,5,0,0,1,0,1,1,0,0,0,MFDF,934e1968
66,Crysencio Summerville,2025-2026,23,nl NED,West Ham,eng Premier League,3,146,1.6,2,1,0,0,1,1,0,0,0,0,FW,df04eb4b
67,Pascal Struijk,2025-2026,25,nl NED,Leeds United,eng Premier League,5,450,5.0,5,0,0,0,0,0,0,0,0,0,DF,f4d296e4
68,Jørgen Strand Larsen,2025-2026,25,no NOR,Wolves,eng Premier League,3,203,2.3,2,1,0,0,0,0,0,0,0,0,FW,f553b2b3
69,John Stones,2025-2026,31,eng ENG,Manchester City,eng Premier League,4,265,2.9,3,1,0,0,0,0,0,0,0,0,DF,5eecec3d
70,Jason Steele,2025-2026,34,eng ENG,Brighton,eng Premier League,0,,,0,0,5,,,,,,,,GK,28300a16
71,Anton Stach,2025-2026,26,de GER,Leeds United,eng Premier League,5,450,5.0,5,0,0,1,1,2,1,0,0,0,MF,0f59a7bf
72,Djed Spence,2025-2026,24,eng ENG,Tottenham,eng Premier League,5,342,3.8,4,1,0,0,0,0,0,0,0,0,DF,9bc9a519
73,Tomáš Souček,2025-2026,30,cz CZE,West Ham,eng Premier League,4,232,2.6,3,1,0,0,0,0,0,0,0,0,MF,6613c819
74,Borna Sosa,2025-2026,27,hr CRO,Crystal Palace,eng Premier League,0,,,0,0,5,,,,,,,,DFMF,af0d79a9
75,Oliver Sonne,2025-2026,24,pe PER,Burnley,eng Premier League,3,104,1.2,1,2,0,0,0,0,0,0,0,0,DFFW,b66b8d5e
76,Manor Solomon,2025-2026,26,il ISR,Tottenham,eng Premier League,0,,,0,0,1,,,,,,,,FWMF,886f9aac
77,Julio Soler,2025-2026,20,ar ARG,Bournemouth,eng Premier League,1,1,0.0,0,1,4,0,0,0,0,0,0,0,FW,98c8559a
78,Dominic Solanke,2025-2026,27,eng ENG,Tottenham,eng Premier League,2,33,0.4,0,2,0,0,0,0,0,0,0,0,FW,e77dc3b2
79,Emile Smith Rowe,2025-2026,25,eng ENG,Fulham,eng Premier League,5,100,1.1,0,5,0,1,0,1,1,0,0,0,MFFW,17695062
80,Adam Smith,2025-2026,34,eng ENG,Bournemouth,eng Premier League,3,204,2.3,3,0,0,0,0,0,0,0,0,0,DF,20b104bc
81,Gaga Slonina,2025-2026,21,us USA,Chelsea,eng Premier League,0,,,0,0,1,,,,,,,,GK,c55a846e
82,Xavi Simons,2025-2026,22,nl NED,Tottenham,eng Premier League,2,100,1.1,1,1,0,0,1,1,0,0,0,0,FWMF,da4d670f
83,Jota Silva,2025-2026,25,pt POR,Nott'ham Forest,eng Premier League,1,12,0.1,0,1,0,0,0,0,0,0,0,0,FW,4d77e622
84,Bernardo Silva,2025-2026,30,pt POR,Manchester City,eng Premier League,5,350,3.9,4,1,0,0,1,1,0,0,0,0,MF,3eb22ec9
85,Luke Shaw,2025-2026,30,eng ENG,Manchester Utd,eng Premier League,5,435,4.8,5,0,0,0,0,0,0,0,0,0,DF,9c94165b
86,Park Seungsoo,2025-2026,18,kr KOR,Newcastle Utd,eng Premier League,0,,,0,0,1,,,,,,,,MF,b6aabcf8
87,Ryan Sessegnon,2025-2026,25,eng ENG,Fulham,eng Premier League,4,307,3.4,4,0,0,0,0,0,0,0,0,0,DF,6aa3e78b
88,Benjamin Šeško,2025-2026,22,si SVN,Manchester Utd,eng Premier League,5,207,2.3,2,3,0,0,0,0,0,0,0,0,FW,3260690c
89,Marcos Senesi,2025-2026,28,ar ARG,Bournemouth,eng Premier League,5,450,5.0,5,0,0,0,1,1,0,0,0,0,DF,35141f4c
90,Antoine Semenyo,2025-2026,25,gh GHA,Bournemouth,eng Premier League,5,450,5.0,5,0,0,3,2,5,2,1,1,0,FWMF,efd2ec23
91,Matz Sels,2025-2026,33,be BEL,Nott'ham Forest,eng Premier League,5,450,5.0,5,0,0,0,0,0,0,0,0,0,GK,834b5c4c
92,Jenson Seelt,2025-2026,22,nl NED,Sunderland,eng Premier League,2,134,1.5,1,1,1,0,0,0,0,0,0,0,DF,ec75ee25
93,Alex Scott,2025-2026,21,eng ENG,Bournemouth,eng Premier League,5,328,3.6,5,0,0,1,0,1,1,0,0,0,MF,104d0bb8
94,Fabian Schär,2025-2026,33,ch SUI,Newcastle Utd,eng Premier League,4,350,3.9,4,0,0,0,0,0,0,0,0,0,DF,c8aa95da
95,Kevin Schade,2025-2026,23,de GER,Brentford,eng Premier League,5,392,4.4,4,1,0,1,0,1,1,0,1,1,FW,52afb588
96,Dane Scarlett,2025-2026,21,eng ENG,Tottenham,eng Premier League,0,,,0,0,1,,,,,,,,FW,21945a9e
97,Oliver Scarles,2025-2026,19,eng ENG,West Ham,eng Premier League,0,,,0,0,4,,,,,,,,MF,242e5e6d
98,Nicolò Savona,2025-2026,22,it ITA,Nott'ham Forest,eng Premier League,1,54,0.6,0,1,0,0,0,0,0,0,0,0,DF,e041497d
99,Sávio,2025-2026,21,br BRA,Manchester City,eng Premier League,2,18,0.2,0,2,0,0,0,0,0,0,0,0,MFFW,fe6e7156
100,Ismaila Sarr,2025-2026,27,sn SEN,Crystal Palace,eng Premier League,3,270,3.0,3,0,0,2,0,2,2,0,0,0,MFFW,bfdb33aa
101,Andrey Santos,2025-2026,21,br BRA,Chelsea,eng Premier League,4,121,1.3,0,4,1,0,0,0,0,0,0,0,MF,dd745366
102,Ibrahim Sangaré,2025-2026,27,ci CIV,Nott'ham Forest,eng Premier League,5,352,3.9,4,1,0,0,0,0,0,0,0,0,MF,bced0375
103,Jadon Sancho,2025-2026,25,eng ENG,Aston Villa,eng Premier League,1,9,0.1,0,1,1,0,0,0,0,0,0,0,FW,dbf053da
104,Robert Sánchez,2025-2026,27,es ESP,Chelsea,eng Premier League,5,364,4.0,5,0,0,0,0,0,0,0,0,0,GK,6a713852
105,William Saliba,2025-2026,24,fr FRA,Arsenal,eng Premier League,4,274,3.0,4,0,0,0,0,0,0,0,0,0,DF,972aeb2a
106,Mohamed Salah,2025-2026,33,eg EGY,Liverpool,eng Premier League,5,449,5.0,5,0,0,2,2,4,1,1,1,0,FWMF,e342ad68
107,Bukayo Saka,2025-2026,23,eng ENG,Arsenal,eng Premier League,3,187,2.1,2,1,0,1,0,1,1,0,0,0,FW,bc7dc64d
108,Noah Sadiki,2025-2026,20,cd COD,Sunderland,eng Premier League,5,442,4.9,5,0,0,0,0,0,0,0,0,0,MF,645481cc
109,José Sá,2025-2026,32,pt POR,Wolves,eng Premier League,4,360,4.0,4,0,0,0,0,0,0,0,0,0,GK,903b6e8b
110,Georginio Rutter,2025-2026,23,fr FRA,Brighton,eng Premier League,4,238,2.6,3,1,0,0,1,1,0,0,0,0,FWMF,c64c01fc
111,Triston Rowe,2025-2026,19,eng ENG,Aston Villa,eng Premier League,0,,,0,0,2,,,,,,,,DF,3fcc22d5
112,Cristian Romero,2025-2026,27,ar ARG,Tottenham,eng Premier League,5,450,5.0,5,0,0,0,1,1,0,0,0,0,DF,a3d94a58
113,Merlin Röhl,2025-2026,23,de GER,Everton,eng Premier League,1,25,0.3,0,1,0,0,0,0,0,0,0,0,MF,1f2c7b55
114,Morgan Rogers,2025-2026,23,eng ENG,Aston Villa,eng Premier League,5,441,4.9,5,0,0,0,0,0,0,0,0,0,MFFW,2e5915f1
115,Mads Roerslev,2025-2026,26,dk DEN,Brentford,eng Premier League,0,,,0,0,1,,,,,,,,DFMF,57c94db2
116,Robin Roefs,2025-2026,22,nl NED,Sunderland,eng Premier League,5,450,5.0,5,0,0,0,0,0,0,0,0,0,GK,349fa918
117,Guido Rodríguez,2025-2026,31,ar ARG,West Ham,eng Premier League,1,70,0.8,1,0,3,0,0,0,0,0,0,0,MF,34e393f2
118,Rodri,2025-2026,29,es ESP,Manchester City,eng Premier League,4,271,3.0,3,1,0,0,0,0,0,0,0,0,MF,6434f10d
119,Joe Rodon,2025-2026,27,wls WAL,Leeds United,eng Premier League,5,450,5.0,5,0,0,0,0,0,0,0,0,0,DF,8d62d31a
120,Kaden Rodney,2025-2026,20,eng ENG,Crystal Palace,eng Premier League,0,,,0,0,3,,,,,,,,DFMF,49375cdd
121,Antonee Robinson,2025-2026,27,us USA,Fulham,eng Premier League,2,53,0.6,0,2,1,0,0,0,0,0,0,0,DF,289601e6
122,Andrew Robertson,2025-2026,31,sct SCO,Liverpool,eng Premier League,2,84,0.9,0,2,3,0,0,0,0,0,0,0,DF,2e4f5f03
123,Patrick Roberts,2025-2026,28,eng ENG,Sunderland,eng Premier League,1,28,0.3,0,1,2,0,0,0,0,0,0,0,MFFW,59d93937
124,Chris Rigg,2025-2026,18,eng ENG,Sunderland,eng Premier League,3,38,0.4,1,2,2,0,0,0,0,0,0,0,MFFW,35741fe2
125,Richarlison,2025-2026,28,br BRA,Tottenham,eng Premier League,5,347,3.9,4,1,0,3,1,4,3,0,0,0,FW,fa031b34
126,Chris Richards,2025-2026,25,us USA,Crystal Palace,eng Premier League,5,450,5.0,5,0,0,0,0,0,0,0,0,0,DF,0a3d6d2b
127,Declan Rice,2025-2026,26,eng ENG,Arsenal,eng Premier League,5,375,4.2,4,1,0,0,1,1,0,0,0,0,MF,1c7012b8
128,Tijjani Reijnders,2025-2026,27,nl NED,Manchester City,eng Premier League,5,450,5.0,5,0,0,1,2,3,1,0,0,0,MF,afb61630
129,Remy Rees-Dottin,2025-2026,19,eng ENG,Bournemouth,eng Premier League,0,,,0,0,1,,,,,,,,FW,1db75ccb
130,Harrison Reed,2025-2026,30,eng ENG,Fulham,eng Premier League,0,,,0,0,3,,,,,,,,MF,803ae100
131,David Raya,2025-2026,29,es ESP,Arsenal,eng Premier League,5,450,5.0,5,0,0,0,0,0,0,0,0,0,GK,98ea5115
132,Jacob Ramsey,2025-2026,24,eng ENG,Newcastle Utd,eng Premier League,2,60,0.7,1,1,0,0,0,0,0,0,0,0,MF,1544f145
133,Aaron Ramsey,2025-2026,22,eng ENG,Burnley,eng Premier League,0,,,0,0,3,,,,,,,,MF,e1618c22
134,Aaron Ramsdale,2025-2026,27,eng ENG,Newcastle Utd,eng Premier League,0,,,0,0,5,,,,,,,,GK,466fb2c5
135,Largie Ramazani,2025-2026,24,be BEL,Leeds United,eng Premier League,0,,,0,0,1,,,,,,,,FWMF,cc9256ef
136,Jesurun Rak Sakyi,2025-2026,22,eng ENG,Crystal Palace,eng Premier League,0,,,0,0,1,,,,,,,,FWMF,45685411
137,Sam Proctor,2025-2026,18,eng ENG,Aston Villa,eng Premier League,0,,,0,0,3,,,,,,,,GK,b96cec48
138,Freddie Potts,2025-2026,21,eng ENG,West Ham,eng Premier League,1,45,0.5,0,1,3,0,0,0,0,0,0,0,MF,86bf27f0
139,Pedro Porro,2025-2026,25,es ESP,Tottenham,eng Premier League,5,428,4.8,5,0,0,0,0,0,0,0,0,0,DF,27d0a506
140,Nick Pope,2025-2026,33,eng ENG,Newcastle Utd,eng Premier League,5,450,5.0,5,0,0,0,0,0,0,0,0,0,GK,4b40d9ca
141,Joël Piroe,2025-2026,25,nl NED,Leeds United,eng Premier League,2,134,1.5,2,0,2,0,0,0,0,0,0,0,FW,1f0072a6
142,Yeremi Pino,2025-2026,22,es ESP,Crystal Palace,eng Premier League,3,148,1.6,2,1,0,0,0,0,0,0,0,0,MF,540ec57b
143,Ethan Pinnock,2025-2026,32,jm JAM,Brentford,eng Premier League,2,155,1.7,2,0,1,0,0,0,0,0,0,0,DF,e541326e
144,Jordan Pickford,2025-2026,31,eng ENG,Everton,eng Premier League,5,450,5.0,5,0,0,0,0,0,0,0,0,0,GK,4806ec67
145,Đorđe Petrović,2025-2026,25,rs SRB,Bournemouth,eng Premier League,5,450,5.0,5,0,0,0,0,0,0,0,0,0,GK,0cf321c8
146,Lucas Perri,2025-2026,27,br BRA,Leeds United,eng Premier League,3,270,3.0,3,0,0,0,0,0,0,0,0,0,GK,5dbd461a
147,Andreas Pereira,2025-2026,29,br BRA,Fulham,eng Premier League,0,,,0,0,1,,,,,,,,MF,6639e500
148,Myles Peart-Harris,2025-2026,22,eng ENG,Brentford,eng Premier League,0,,,0,0,2,,,,,,,,MF,ea1a5662
149,Bradley Paul Burrowes,2025-2026,17,eng ENG,Aston Villa,eng Premier League,1,17,0.2,0,1,1,0,0,0,0,0,0,0,DF,802ee5ca
150,Travis Patterson,2025-2026,19,eng ENG,Aston Villa,eng Premier League,0,,,0,0,1,,,,,,,,DF,e0b5d31b
151,Nathan Patterson,2025-2026,23,sct SCO,Everton,eng Premier League,0,,,0,0,2,,,,,,,,DF,230f0471
152,Anthony Patterson,2025-2026,25,eng ENG,Sunderland,eng Premier League,0,,,0,0,5,,,,,,,,GK,b2470c6f
153,Lucas Paquetá,2025-2026,27,br BRA,West Ham,eng Premier League,5,427,4.7,5,0,0,2,0,2,1,1,1,0,MFFW,9b6f7fd5
154,Cole Palmer,2025-2026,23,eng ENG,Chelsea,eng Premier League,3,145,1.6,2,1,0,1,0,1,1,0,0,0,MF,dc7f8a28
155,João Palhinha,2025-2026,30,pt POR,Tottenham,eng Premier League,5,333,3.7,4,1,0,1,0,1,1,0,0,0,MF,a78ff07f
156,Martin Ødegaard,2025-2026,26,no NOR,Arsenal,eng Premier League,4,165,1.8,3,1,0,0,0,0,0,0,0,0,MF,79300479
157,Dango Ouattara,2025-2026,23,bf BFA,Brentford,eng Premier League,4,217,2.4,2,2,0,1,0,1,1,0,0,0,FW,2f9e4435
158,William Osula,2025-2026,21,dk DEN,Newcastle Utd,eng Premier League,5,139,1.5,1,4,0,1,0,1,1,0,0,0,FW,7b355808
159,Stefan Ortega,2025-2026,32,de GER,Manchester City,eng Premier League,0,,,0,0,1,,,,,,,,GK,c1242d4e
160,Frank Onyeka,2025-2026,27,ng NGA,Brentford,eng Premier League,3,64,0.7,0,3,2,0,1,1,0,0,0,0,MF,2944f86f
161,Tyler Onyango,2025-2026,22,eng ENG,Everton,eng Premier League,0,,,0,0,3,,,,,,,,MF,d86a1f3e
162,André Onana,2025-2026,29,cm CMR,Manchester Utd,eng Premier League,0,,,0,0,2,,,,,,,,GK,e9c0c1b2
163,Amadou Onana,2025-2026,23,be BEL,Aston Villa,eng Premier League,2,153,1.7,2,0,0,0,0,0,0,0,0,0,MF,828657ff
164,Noah Okafor,2025-2026,25,ch SUI,Leeds United,eng Premier League,3,162,1.8,2,1,1,1,0,1,1,0,0,0,FW,ca607d59
165,Wilson Odobert,2025-2026,20,fr FRA,Tottenham,eng Premier League,5,144,1.6,1,4,0,0,0,0,0,0,0,0,FWMF,35516eac
166,Nico O’Reilly,2025-2026,20,eng ENG,Manchester City,eng Premier League,4,220,2.4,2,2,1,0,0,0,0,0,0,0,DFMF,91ca4a16
167,Matt O'Riley,2025-2026,24,dk DEN,Brighton,eng Premier League,2,177,2.0,2,0,1,1,0,1,0,1,1,0,MF,fb495bb8
168,Jake O'Brien,2025-2026,24,ie IRL,Everton,eng Premier League,5,450,5.0,5,0,0,0,0,0,0,0,0,0,DF,25f2ef01
169,Trey Nyoni,2025-2026,18,eng ENG,Liverpool,eng Premier League,0,,,0,0,2,,,,,,,,MF,1d3b3d77
170,Ethan Nwaneri,2025-2026,18,eng ENG,Arsenal,eng Premier League,3,133,1.5,0,3,2,0,0,0,0,0,0,0,MF,7f94982c
171,Matheus Nunes,2025-2026,26,pt POR,Manchester City,eng Premier League,3,154,1.7,1,2,2,0,0,0,0,0,0,0,DF,e6af02e0
172,Christian Nørgaard,2025-2026,31,dk DEN,Arsenal,eng Premier League,0,,,0,0,1,,,,,,,,MF,df0a4c90
173,Lukas Nmecha,2025-2026,26,de GER,Leeds United,eng Premier League,5,138,1.5,1,4,0,1,0,1,0,1,1,0,FW,0cc5f4a5
174,Eddie Nketiah,2025-2026,26,eng ENG,Crystal Palace,eng Premier League,1,16,0.2,0,1,0,0,0,0,0,0,0,0,MF,a53649b7
175,Rio Ngumoha,2025-2026,16,eng ENG,Liverpool,eng Premier League,2,5,0.1,0,2,3,1,0,1,1,0,0,0,MFFW,022eca88
176,Pedro Neto,2025-2026,25,pt POR,Chelsea,eng Premier League,5,356,4.0,5,0,0,1,0,1,1,0,0,0,FW,7ba2eaa9
177,Reiss Nelson,2025-2026,25,eng ENG,Brentford,eng Premier League,0,,,0,0,1,,,,,,,,FWMF,c5bdb6e3
178,Dan Neil,2025-2026,23,eng ENG,Sunderland,eng Premier League,1,1,0.0,0,1,4,0,0,0,0,0,0,0,MF,a47ad0f5
179,Dan Ndoye,2025-2026,24,ch SUI,Nott'ham Forest,eng Premier League,5,370,4.1,5,0,0,1,1,2,1,0,0,0,FW,8e697a8f
180,Iliman Ndiaye,2025-2026,25,sn SEN,Everton,eng Premier League,5,417,4.6,5,0,0,2,1,3,2,0,0,0,FW,5ed97752
181,Vitaliy Mykolenko,2025-2026,26,ua UKR,Everton,eng Premier League,2,175,1.9,2,0,0,0,0,0,0,0,0,0,DF,30d4a2e5
182,Jacob Murphy,2025-2026,30,eng ENG,Newcastle Utd,eng Premier League,4,224,2.5,3,1,1,0,1,1,0,0,0,0,FWMF,de112b84
183,Murillo,2025-2026,23,br BRA,Nott'ham Forest,eng Premier League,4,306,3.4,4,0,0,0,0,0,0,0,0,0,DF,1704b0b8
184,Daniel Muñoz,2025-2026,29,co COL,Crystal Palace,eng Premier League,5,450,5.0,5,0,0,0,1,1,0,0,0,0,DFMF,778ef829
185,Rodrigo Muniz,2025-2026,24,br BRA,Fulham,eng Premier League,5,316,3.5,4,1,0,1,1,2,1,0,0,0,FW,a755db8c
186,Marshall Munetsi,2025-2026,29,zw ZIM,Wolves,eng Premier League,5,340,3.8,3,2,0,0,1,1,0,0,0,0,FWMF,2acf0cd7
187,Nordi Mukiele,2025-2026,27,fr FRA,Sunderland,eng Premier League,3,270,3.0,3,0,0,0,0,0,0,0,0,0,DF,ac73ec79
188,Divine Mukasa,2025-2026,17,eng ENG,Manchester City,eng Premier League,0,,,0,0,2,,,,,,,,MF,ce7ae86a
189,David Møller Wolfe,2025-2026,23,no NOR,Wolves,eng Premier League,3,131,1.5,2,1,1,0,1,1,0,0,0,0,MF,9affc5f2
190,Mason Mount,2025-2026,26,eng ENG,Manchester Utd,eng Premier League,4,198,2.2,3,1,0,0,0,0,0,0,0,0,MF,9674002f
191,Yerson Mosquera,2025-2026,24,co COL,Wolves,eng Premier League,2,136,1.5,2,0,3,0,0,0,0,0,0,0,DF,1e159d70
192,Cristhian Mosquera,2025-2026,21,es ESP,Arsenal,eng Premier League,4,204,2.3,1,3,1,0,0,0,0,0,0,0,DF,dc1ce4f5
193,Morato,2025-2026,24,br BRA,Nott'ham Forest,eng Premier League,2,180,2.0,2,0,3,0,0,0,0,0,0,0,DF,0f41e2ee
194,Kaoru Mitoma,2025-2026,28,jp JPN,Brighton,eng Premier League,5,442,4.9,5,0,0,1,1,2,1,0,0,0,FW,74618572
195,Tyrick Mitchell,2025-2026,25,eng ENG,Crystal Palace,eng Premier League,5,450,5.0,5,0,0,1,0,1,1,0,0,0,DFMF,5cbd1eb0
196,Yankuba Minteh,2025-2026,21,gm GAM,Brighton,eng Premier League,5,411,4.6,5,0,0,1,1,2,1,0,0,0,FW,c3cf087d
197,Tyrone Mings,2025-2026,32,eng ENG,Aston Villa,eng Premier League,5,450,5.0,5,0,0,0,0,0,0,0,0,0,DF,8397a50c
198,Veljko Milosavljević,2025-2026,18,rs SRB,Bournemouth,eng Premier League,1,90,1.0,1,0,1,0,0,0,0,0,0,0,DF,c478319d
199,James Milner,2025-2026,39,eng ENG,Brighton,eng Premier League,4,127,1.4,1,3,1,1,0,1,0,1,1,0,MF,2f90f6b8
200,Lewis Miley,2025-2026,19,eng ENG,Newcastle Utd,eng Premier League,4,168,1.9,1,3,1,0,0,0,0,0,0,0,MF,2c6835e5
201,Nikola Milenković,2025-2026,27,rs SRB,Nott'ham Forest,eng Premier League,5,450,5.0,5,0,0,0,0,0,0,0,0,0,DF,bee704fc
202,Antoni Milambo,2025-2026,20,nl NED,Brentford,eng Premier League,1,45,0.5,1,0,2,0,0,0,0,0,0,0,MF,b05f4787
203,Stephen Mfuni,2025-2026,17,eng ENG,Manchester City,eng Premier League,0,,,0,0,1,,,,,,,,DF,c6685def
204,Illan Meslier,2025-2026,25,fr FRA,Leeds United,eng Premier League,0,,,0,0,2,,,,,,,,GK,6b625ac2
205,Mikel Merino,2025-2026,29,es ESP,Arsenal,eng Premier League,4,212,2.4,3,1,1,0,0,0,0,0,0,0,MFFW,d080ed5e
206,Hannibal Mejbri,2025-2026,22,tn TUN,Burnley,eng Premier League,5,246,2.7,3,2,0,0,0,0,0,0,0,0,MF,ca22ccb0
207,Dwight McNeil,2025-2026,25,eng ENG,Everton,eng Premier League,1,20,0.2,0,1,4,0,0,0,0,0,0,0,FW,fc15fb84
208,John McGinn,2025-2026,30,sct SCO,Aston Villa,eng Premier League,5,409,4.5,5,0,0,0,0,0,0,0,0,0,MFFW,90f91999
209,James Mcatee,2025-2026,22,eng ENG,Nott'ham Forest,eng Premier League,3,70,0.8,0,3,1,0,0,0,0,0,0,0,MFFW,96593e89
210,Bryan Mbeumo,2025-2026,25,cm CMR,Manchester Utd,eng Premier League,5,429,4.8,5,0,0,1,0,1,1,0,0,0,MF,6afaebf2
211,Noussair Mazraoui,2025-2026,27,ma MAR,Manchester Utd,eng Premier League,3,131,1.5,2,1,0,0,0,0,0,0,0,0,DF,b74277a0
212,Eliezer Mayenda,2025-2026,20,es ESP,Sunderland,eng Premier League,4,212,2.4,3,1,1,1,0,1,1,0,0,0,FW,6a021e43
213,Konstantinos Mavropanos,2025-2026,27,gr GRE,West Ham,eng Premier League,3,270,3.0,3,0,2,0,0,0,0,0,0,0,DF,00963611
214,Remi Matthews,2025-2026,31,eng ENG,Crystal Palace,eng Premier League,0,,,0,0,2,,,,,,,,GK,27f4f772
215,Jean-Philippe Mateta,2025-2026,28,fr FRA,Crystal Palace,eng Premier League,5,441,4.9,5,0,0,2,0,2,1,1,1,0,FW,50e6dc35
216,Pape Matar Sarr,2025-2026,22,sn SEN,Tottenham,eng Premier League,4,345,3.8,4,0,1,1,1,2,1,0,0,0,MF,feb5d972
217,Arthur Masuaku,2025-2026,31,cd COD,Sunderland,eng Premier League,1,11,0.1,0,1,3,0,0,0,0,0,0,0,DF,57df7a11
218,Emiliano Martínez,2025-2026,32,ar ARG,Aston Villa,eng Premier League,3,270,3.0,3,0,0,0,0,0,0,0,0,0,GK,7956236f
219,Gabriel Martinelli,2025-2026,24,br BRA,Arsenal,eng Premier League,4,152,1.7,2,2,1,1,0,1,1,0,0,0,FW,48a5a5d6
220,Callum Marshall,2025-2026,20,eng NIR,West Ham,eng Premier League,0,,,0,0,1,,,,,,,,FW,3a27f1bf
221,Omar Marmoush,2025-2026,26,eg EGY,Manchester City,eng Premier League,3,149,1.7,2,1,0,0,1,1,0,0,0,0,FWMF,0e0102eb
222,Reinildo Mandava,2025-2026,31,mz MOZ,Sunderland,eng Premier League,5,392,4.4,5,0,0,0,0,0,0,0,0,0,DF,c20bdcd7
223,Giorgi Mamardashvili,2025-2026,24,ge GEO,Liverpool,eng Premier League,0,,,0,0,5,,,,,,,,GK,d4b73232
224,Donyell Malen,2025-2026,26,nl NED,Aston Villa,eng Premier League,5,142,1.6,1,4,0,0,0,0,0,0,0,0,FWMF,116c35df
225,Kobbie Mainoo,2025-2026,20,eng ENG,Manchester Utd,eng Premier League,3,78,0.9,0,3,2,0,0,0,0,0,0,0,MF,c6220452
226,Harry Maguire,2025-2026,32,eng ENG,Manchester Utd,eng Premier League,4,113,1.3,1,3,1,0,1,1,0,0,0,0,DF,d8931174
227,Soungoutou Magassa,2025-2026,21,fr FRA,West Ham,eng Premier League,2,43,0.5,0,2,0,0,0,0,0,0,0,0,MF,dfc5d4fa
228,Gabriel Magalhães,2025-2026,27,br BRA,Arsenal,eng Premier League,5,450,5.0,5,0,0,0,0,0,0,0,0,0,DF,67ac5bb8
229,Noni Madueke,2025-2026,23,eng ENG,Arsenal,eng Premier League,5,304,3.4,4,1,0,0,0,0,0,0,0,0,FW,bf34eebd
230,Alexis Mac Allister,2025-2026,26,ar ARG,Liverpool,eng Premier League,4,236,2.6,4,0,0,0,1,1,0,0,0,0,MF,83d074ff
231,Ian Maatsen,2025-2026,23,nl NED,Aston Villa,eng Premier League,3,147,1.6,1,2,2,0,0,0,0,0,0,0,DF,cab9634e
232,Saša Lukić,2025-2026,28,rs SRB,Fulham,eng Premier League,5,445,4.9,5,0,0,0,0,0,0,0,0,0,MF,c6e8cf1f
233,Douglas Luiz,2025-2026,27,br BRA,Nott'ham Forest,eng Premier League,1,75,0.8,1,0,3,0,0,0,0,0,0,0,MF,6f7d826d
234,Florentino Luís,2025-2026,25,pt POR,Burnley,eng Premier League,2,118,1.3,1,1,0,0,0,0,0,0,0,0,MF,881cd6be
235,Lucas,2025-2026,24,br BRA,Burnley,eng Premier League,0,,,0,0,5,,,,,,,,DF,5d68f5b2
236,Fer López,2025-2026,21,es ESP,Wolves,eng Premier League,4,105,1.2,1,3,1,0,1,1,0,0,0,0,MFFW,675cacff
237,Sean Longstaff,2025-2026,27,eng ENG,Leeds United,eng Premier League,5,296,3.3,3,2,0,0,0,0,0,0,0,0,MF,a2b105e0
238,Valentino Livramento,2025-2026,22,eng ENG,Newcastle Utd,eng Premier League,5,450,5.0,5,0,0,0,1,1,0,0,0,0,DF,afed6722
239,Victor Lindelöf,2025-2026,31,se SWE,Aston Villa,eng Premier League,1,8,0.1,0,1,1,0,0,0,0,0,0,0,MF,f5deef4c
240,Matthijs de Ligt,2025-2026,25,nl NED,Manchester Utd,eng Premier League,5,450,5.0,5,0,0,0,0,0,0,0,0,0,DF,d6e53a3a
241,Myles Lewis-Skelly,2025-2026,18,eng ENG,Arsenal,eng Premier League,3,69,0.8,0,3,2,0,0,0,0,0,0,0,DF,5dff6c28
242,Keane Lewis-Potter,2025-2026,24,eng ENG,Brentford,eng Premier League,5,383,4.3,5,0,0,0,0,0,0,0,0,0,DFFW,41f08ac8
243,Rico Lewis,2025-2026,20,eng ENG,Manchester City,eng Premier League,3,161,1.8,2,1,2,0,1,1,0,0,0,0,DF,b57e066e
244,Jefferson Lerma,2025-2026,30,co COL,Crystal Palace,eng Premier League,5,159,1.8,1,4,0,0,0,0,0,0,0,0,MF,9b5ce51a
245,Giovanni Leoni,2025-2026,18,it ITA,Liverpool,eng Premier League,0,,,0,0,1,,,,,,,,DF,570888ce
246,Diego León,2025-2026,18,py PAR,Manchester Utd,eng Premier League,0,,,0,0,1,,,,,,,,DF,69ea448b
247,Bernd Leno,2025-2026,33,de GER,Fulham,eng Premier League,5,450,5.0,5,0,0,0,0,0,0,0,0,0,GK,2628fd2b
248,Benjamin Lecomte,2025-2026,34,fr FRA,Fulham,eng Premier League,0,,,0,0,5,,,,,,,,GK,2fa2a875
249,Enzo Le Fée,2025-2026,25,fr FRA,Sunderland,eng Premier League,4,212,2.4,2,2,0,1,0,1,0,1,1,0,FWMF,6f806d99
250,Josh Laurent,2025-2026,30,eng ENG,Burnley,eng Premier League,5,279,3.1,3,2,0,0,0,0,0,0,0,0,DFMF,f0068e0f
251,Jamaal Lascelles,2025-2026,31,eng ENG,Newcastle Utd,eng Premier League,1,7,0.1,0,1,1,0,0,0,0,0,0,0,DF,450ab6fc
252,Senne Lammens,2025-2026,23,be BEL,Manchester Utd,eng Premier League,0,,,0,0,2,,,,,,,,GK,8e6d2fcd
253,Maxence Lacroix,2025-2026,25,fr FRA,Crystal Palace,eng Premier League,5,450,5.0,5,0,0,0,1,1,0,0,0,0,DF,277c49ed
254,Mohammed Kudus,2025-2026,24,gh GHA,Tottenham,eng Premier League,5,439,4.9,5,0,0,0,3,3,0,0,0,0,FW,b62878a5
255,Ladislav Krejčí,2025-2026,26,cz CZE,Wolves,eng Premier League,2,180,2.0,2,0,1,1,0,1,1,0,0,0,MFDF,5b5c2228
256,Emil Krafth,2025-2026,30,se SWE,Newcastle Utd,eng Premier League,0,,,0,0,4,,,,,,,,DF,77cf6852
257,Ezri Konsa,2025-2026,27,eng ENG,Aston Villa,eng Premier League,4,335,3.7,4,0,0,0,0,0,0,0,0,0,DF,0313a347
258,Ibrahima Konaté,2025-2026,26,fr FRA,Liverpool,eng Premier League,5,434,4.8,5,0,0,0,0,0,0,0,0,0,DF,5ed9b537
259,Randal Kolo Muani,2025-2026,26,fr FRA,Tottenham,eng Premier League,0,,,0,0,1,,,,,,,,FWMF,c0b3669f
260,Justin Kluivert,2025-2026,26,nl NED,Bournemouth,eng Premier League,4,75,0.8,0,4,0,0,0,0,0,0,0,0,MFFW,4c3a6744
261,Jakub Kiwior,2025-2026,25,pl POL,Arsenal,eng Premier League,0,,,0,0,1,,,,,,,,DFMF,dc3e663e
262,Antonín Kinský,2025-2026,22,cz CZE,Tottenham,eng Premier League,0,,,0,0,5,,,,,,,,GK,b38ac6a4
263,Joshua King,2025-2026,18,eng ENG,Fulham,eng Premier League,5,337,3.7,5,0,0,0,0,0,0,0,0,0,MF,86109b3b
264,Max Kilman,2025-2026,28,eng ENG,West Ham,eng Premier League,5,450,5.0,5,0,0,0,0,0,0,0,0,0,DF,d0f72bf1
265,Abdukodir Khusanov,2025-2026,21,uz UZB,Manchester City,eng Premier League,4,228,2.5,3,1,1,0,0,0,0,0,0,0,DF,d17ce930
266,Kevin,2025-2026,22,br BRA,Fulham,eng Premier League,2,39,0.4,0,2,0,0,0,0,0,0,0,0,FWMF,93508980
267,Milos Kerkez,2025-2026,21,hu HUN,Liverpool,eng Premier League,5,366,4.1,5,0,0,0,0,0,0,0,0,0,DF,0ad53bdc
268,Caoimhín Kelleher,2025-2026,26,ie IRL,Brentford,eng Premier League,5,450,5.0,5,0,0,0,0,0,0,0,0,0,GK,62d7ef38
269,Michael Keane,2025-2026,32,eng ENG,Everton,eng Premier League,5,450,5.0,5,0,0,0,0,0,0,0,0,0,DF,c5b7c315
270,Michael Kayode,2025-2026,21,it ITA,Brentford,eng Premier League,5,436,4.8,5,0,0,0,0,0,0,0,0,0,DF,e19660a8
271,Boubacar Kamara,2025-2026,25,fr FRA,Aston Villa,eng Premier League,3,186,2.1,3,0,0,0,1,1,0,0,0,0,MFDF,cc77354e
272,Daichi Kamada,2025-2026,28,jp JPN,Crystal Palace,eng Premier League,3,265,2.9,3,0,0,0,0,0,0,0,0,0,MF,15b287da
273,Arnaud Kalimuendo,2025-2026,23,fr FRA,Nott'ham Forest,eng Premier League,4,68,0.8,0,4,0,0,0,0,0,0,0,0,FW,bf4c41f9
274,Sasa Kalajdzic,2025-2026,28,at AUT,Wolves,eng Premier League,1,15,0.2,0,1,1,0,0,0,0,0,0,0,FW,15f24fe7
275,Ferdi Kadioglu,2025-2026,25,tr TUR,Brighton,eng Premier League,4,197,2.2,1,3,1,0,0,0,0,0,0,0,DFFW,66c52a77
276,James Justin,2025-2026,27,eng ENG,Leeds United,eng Premier League,2,19,0.2,0,2,1,0,0,0,0,0,0,0,DF,fb614c44
277,Hamed Junior Traorè,2025-2026,25,ci CIV,Bournemouth,eng Premier League,1,17,0.2,0,1,0,0,1,1,0,0,0,0,MF,570bb4b9
278,Eli Junior Kroupi,2025-2026,19,fr FRA,Bournemouth,eng Premier League,3,14,0.2,0,3,2,0,0,0,0,0,0,0,FWMF,b2fe86e5
279,Filip Jørgensen,2025-2026,23,dk DEN,Chelsea,eng Premier League,1,84,0.9,0,1,4,0,0,0,0,0,0,0,GK,0107757e
280,Harrison Jones,2025-2026,20,eng ENG,Sunderland,eng Premier League,0,,,0,0,2,,,,,,,,MF,2a78981b
281,Curtis Jones,2025-2026,24,eng ENG,Liverpool,eng Premier League,4,168,1.9,1,3,0,0,0,0,0,0,0,0,MF,4fb9c88f
282,Sam Johnstone,2025-2026,32,eng ENG,Wolves,eng Premier League,1,90,1.0,1,0,4,0,0,0,0,0,0,0,GK,9e5708be
283,Brennan Johnson,2025-2026,24,wls WAL,Tottenham,eng Premier League,5,239,2.7,3,2,0,2,0,2,2,0,0,0,FW,0cd31129
284,John,2025-2026,29,br BRA,Nott'ham Forest,eng Premier League,0,,,0,0,2,,,,,,,,GK,33a235af
285,Joelinton,2025-2026,28,br BRA,Newcastle Utd,eng Premier League,3,221,2.5,3,0,1,0,0,0,0,0,0,0,MF,c17bfb65
286,João Pedro,2025-2026,23,br BRA,Chelsea,eng Premier League,5,420,4.7,5,0,0,2,3,5,2,0,0,0,FWMF,e8832875
287,Jamaldeen Jimoh,2025-2026,18,eng ENG,Aston Villa,eng Premier League,0,,,0,0,3,,,,,,,,MF,1e711234
288,Raúl Jiménez,2025-2026,34,mx MEX,Fulham,eng Premier League,5,134,1.5,1,4,0,0,0,0,0,0,0,0,FW,b561db50
289,Álex Jiménez,2025-2026,20,es ESP,Bournemouth,eng Premier League,2,49,0.5,1,1,0,0,0,0,0,0,0,0,DF,faa13947
290,Igor Jesus,2025-2026,24,br BRA,Nott'ham Forest,eng Premier League,4,48,0.5,0,4,0,0,0,0,0,0,0,0,FW,dbe24cce
291,Mathias Jensen,2025-2026,29,dk DEN,Brentford,eng Premier League,3,152,1.7,2,1,2,0,0,0,0,0,0,0,MF,0f134faf
292,Vitaly Janelt,2025-2026,27,de GER,Brentford,eng Premier League,1,17,0.2,0,1,1,0,0,0,0,0,0,0,MF,8449d35e
293,Reece James,2025-2026,25,eng ENG,Chelsea,eng Premier League,5,245,2.7,2,3,0,0,1,1,0,0,0,0,DF,1265a93a
294,Daniel James,2025-2026,27,wls WAL,Leeds United,eng Premier League,4,213,2.4,3,1,0,0,0,0,0,0,0,0,FW,c931d9f9
295,Alex Iwobi,2025-2026,29,ng NGA,Fulham,eng Premier League,5,392,4.4,5,0,0,1,2,3,1,0,0,0,FW,6ca5ec4b
296,Wilson Isidor,2025-2026,24,fr FRA,Sunderland,eng Premier League,5,237,2.6,2,3,0,3,0,3,3,0,0,0,FW,a671316d
297,Alexander Isak,2025-2026,25,se SWE,Liverpool,eng Premier League,1,24,0.3,0,1,0,0,0,0,0,0,0,0,FW,8e92be30
298,Andy Irving,2025-2026,25,sct SCO,West Ham,eng Premier League,3,26,0.3,0,3,2,0,0,0,0,0,0,0,MF,b1be9fc0
299,Tim Iroegbunam,2025-2026,22,eng ENG,Everton,eng Premier League,4,220,2.4,3,1,1,0,0,0,0,0,0,0,MF,84c5ceea
300,Samuel Iling-Junior,2025-2026,21,eng ENG,Aston Villa,eng Premier League,0,,,0,0,1,,,,,,,,DF,ba492306
301,Igor,2025-2026,27,br BRA,West Ham,eng Premier League,0,,,0,0,2,,,,,,,,DF,a4e85758
302,Omari Hutchinson,2025-2026,21,eng ENG,Nott'ham Forest,eng Premier League,2,11,0.1,0,2,2,0,0,0,0,0,0,0,FWMF,bd9553e6
303,Bashir Humphreys,2025-2026,22,eng ENG,Burnley,eng Premier League,0,,,0,0,2,,,,,,,,DF,d2b32e91
304,Trai Hume,2025-2026,23,eng NIR,Sunderland,eng Premier League,5,450,5.0,5,0,0,0,0,0,0,0,0,0,DF,4fa3a3a4
305,Will Hughes,2025-2026,30,eng ENG,Crystal Palace,eng Premier League,5,383,4.3,5,0,0,0,0,0,0,0,0,0,MF,a0666d3e
306,Callum Hudson-Odoi,2025-2026,24,eng ENG,Nott'ham Forest,eng Premier League,5,340,3.8,4,1,0,1,0,1,1,0,0,0,FW,15f3ec41
307,Ki-Jana Hoever,2025-2026,23,nl NED,Wolves,eng Premier League,2,106,1.2,2,0,1,0,0,0,0,0,0,0,MF,9a71e978
308,Jack Hinshelwood,2025-2026,20,eng ENG,Brighton,eng Premier League,3,107,1.2,2,1,0,0,0,0,0,0,0,0,MF,e98211e7
309,Piero Hincapié,2025-2026,23,ec ECU,Arsenal,eng Premier League,0,,,0,0,1,,,,,,,,DF,0c7a48f8
310,James Hill,2025-2026,23,eng ENG,Bournemouth,eng Premier League,5,200,2.2,1,4,0,0,0,0,0,0,0,0,DF,69942fb3
311,Aaron Hickey,2025-2026,23,sct SCO,Brentford,eng Premier League,3,23,0.3,0,3,2,0,0,0,0,0,0,0,DFFW,1780bb4a
312,Mads Hermansen,2025-2026,25,dk DEN,West Ham,eng Premier League,4,360,4.0,4,0,1,0,0,0,0,0,0,0,GK,c924b17d
313,Rico Henry,2025-2026,28,eng ENG,Brentford,eng Premier League,5,156,1.7,1,4,0,0,0,0,0,0,0,0,DF,8a3c1dc7
314,Jordan Henderson,2025-2026,35,eng ENG,Brentford,eng Premier League,5,323,3.6,4,1,0,0,1,1,0,0,0,0,MF,935e6b8f
315,Dean Henderson,2025-2026,28,eng ENG,Crystal Palace,eng Premier League,5,450,5.0,5,0,0,0,0,0,0,0,0,0,GK,e5a76dfe
316,Hwang Hee-chan,2025-2026,29,kr KOR,Wolves,eng Premier League,4,173,1.9,2,2,1,1,0,1,1,0,0,0,FW,169fd162
317,Jan Paul van Hecke,2025-2026,25,nl NED,Brighton,eng Premier League,5,450,5.0,5,0,0,0,0,0,0,0,0,0,DF,4fd08daa
318,Ayden Heaven,2025-2026,18,eng ENG,Manchester Utd,eng Premier League,1,4,0.0,0,1,4,0,0,0,0,0,0,0,DF,64e17fab
319,Tom Heaton,2025-2026,39,eng ENG,Manchester Utd,eng Premier League,0,,,0,0,2,,,,,,,,GK,a6de6361
320,Kai Havertz,2025-2026,26,de GER,Arsenal,eng Premier League,1,31,0.3,0,1,0,0,0,0,0,0,0,0,FW,fed7cb61
321,Jorrel Hato,2025-2026,19,nl NED,Chelsea,eng Premier League,2,67,0.7,1,1,3,0,0,0,0,0,0,0,DF,bde35051
322,Quilindschy Hartman,2025-2026,23,nl NED,Burnley,eng Premier League,5,450,5.0,5,0,0,0,0,0,0,0,0,0,DF,39e1138f
323,Jack Harrison,2025-2026,28,eng ENG,Leeds United,eng Premier League,4,87,1.0,0,4,1,0,0,0,0,0,0,0,FW,aa849a12
324,Lewis Hall,2025-2026,20,eng ENG,Newcastle Utd,eng Premier League,3,135,1.5,1,2,2,0,0,0,0,0,0,0,DF,da011f18
325,Erling Haaland,2025-2026,25,no NOR,Manchester City,eng Premier League,5,413,4.6,5,0,0,6,0,6,6,0,0,0,FW,1f44ac21
326,Viktor Gyökeres,2025-2026,27,se SWE,Arsenal,eng Premier League,5,396,4.4,5,0,0,3,0,3,2,1,1,0,FW,4d5a9185
327,Joško Gvardiol,2025-2026,23,hr CRO,Manchester City,eng Premier League,2,180,2.0,2,0,0,0,0,0,0,0,0,0,DF,5ad50391
328,Malo Gusto,2025-2026,22,fr FRA,Chelsea,eng Premier League,4,197,2.2,2,2,1,0,0,0,0,0,0,0,DF,d56b9520
329,Angus Gunn,2025-2026,29,sct SCO,Nott'ham Forest,eng Premier League,0,,,0,0,3,,,,,,,,GK,e082af5b
330,İlkay Gündoğan,2025-2026,34,de GER,Manchester City,eng Premier League,0,,,0,0,2,,,,,,,,MF,819b3158
331,Marc Guiu,2025-2026,19,es ESP,Chelsea,eng Premier League,2,15,0.2,0,2,2,0,0,0,0,0,0,0,FW,d3d774cc
332,Bruno Guimarães,2025-2026,27,br BRA,Newcastle Utd,eng Premier League,4,360,4.0,4,0,1,1,0,1,1,0,0,0,MF,82518f62
333,Luis Guilherme,2025-2026,19,br BRA,West Ham,eng Premier League,2,43,0.5,0,2,0,0,0,0,0,0,0,0,FW,b7672d43
334,Evann Guessand,2025-2026,24,ci CIV,Aston Villa,eng Premier League,4,178,2.0,2,2,1,0,0,0,0,0,0,0,FWMF,b73f17f8
335,Marc Guéhi,2025-2026,25,eng ENG,Crystal Palace,eng Premier League,5,450,5.0,5,0,0,1,0,1,1,0,0,0,DF,d0706b27
336,Gabriel Gudmundsson,2025-2026,26,se SWE,Leeds United,eng Premier League,5,439,4.9,5,0,0,0,0,0,0,0,0,0,DF,d5d22a58
337,Ilia Gruev,2025-2026,25,bg BUL,Leeds United,eng Premier League,4,194,2.2,2,2,1,0,0,0,0,0,0,0,MF,1fc4f3d1
338,Brajan Gruda,2025-2026,21,de GER,Brighton,eng Premier League,5,130,1.4,1,4,0,1,0,1,1,0,0,0,MF,ae9b998d
339,Jack Grealish,2025-2026,29,eng ENG,Everton,eng Premier League,5,376,4.2,4,1,0,0,4,4,0,0,0,0,FW,b0b4fd3e
340,Harry Gray,2025-2026,16,eng ENG,Leeds United,eng Premier League,0,,,0,0,1,,,,,,,,FW,99965ed0
341,Archie Gray,2025-2026,19,eng ENG,Tottenham,eng Premier League,2,72,0.8,1,1,2,0,0,0,0,0,0,0,MF,f58515f5
342,Ryan Gravenberch,2025-2026,23,nl NED,Liverpool,eng Premier League,4,360,4.0,4,0,0,2,1,3,2,0,0,0,MF,b8e740fb
343,Anthony Gordon,2025-2026,24,eng ENG,Newcastle Utd,eng Premier League,2,134,1.5,2,0,0,0,0,0,0,0,0,0,FW,2bd83368
344,Nicolás González,2025-2026,23,es ESP,Manchester City,eng Premier League,4,194,2.2,2,2,1,0,0,0,0,0,0,0,MF,2c56a792
345,Joe Gomez,2025-2026,28,eng ENG,Liverpool,eng Premier League,2,31,0.3,0,2,3,0,0,0,0,0,0,0,DF,7a11550b
346,Diego Gómez,2025-2026,22,py PAR,Brighton,eng Premier League,4,151,1.7,1,3,0,0,0,0,0,0,0,0,MF,916728da
347,Toti Gomes,2025-2026,26,pt POR,Wolves,eng Premier League,5,389,4.3,5,0,0,0,0,0,0,0,0,0,DF,f0caab96
348,Rodrigo Gomes,2025-2026,22,pt POR,Wolves,eng Premier League,4,166,1.8,2,2,1,1,0,1,1,0,0,0,DFMF,8dcf77c0
349,João Gomes,2025-2026,24,br BRA,Wolves,eng Premier League,5,450,5.0,5,0,0,0,0,0,0,0,0,0,MF,8b57ad2c
350,Wilfried Gnonto,2025-2026,21,it ITA,Leeds United,eng Premier League,4,192,2.1,3,1,0,0,0,0,0,0,0,0,FW,75fdd638
351,Jamie Gittens,2025-2026,20,eng ENG,Chelsea,eng Premier League,4,145,1.6,2,2,1,0,0,0,0,0,0,0,FW,10745192
352,Morgan Gibbs-White,2025-2026,25,eng ENG,Nott'ham Forest,eng Premier League,5,416,4.6,5,0,0,0,1,1,0,0,0,0,MF,32f60ed8
353,Tyrique George,2025-2026,19,eng ENG,Chelsea,eng Premier League,3,139,1.5,0,3,1,0,0,0,0,0,0,0,FW,e6f7797e
354,Lutsharel Geertruida,2025-2026,25,nl NED,Sunderland,eng Premier League,2,18,0.2,0,2,0,0,0,0,0,0,0,0,MF,242e1043
355,James Garner,2025-2026,24,eng ENG,Everton,eng Premier League,5,450,5.0,5,0,0,1,0,1,1,0,0,0,DFMF,4e015693
356,Alejandro Garnacho,2025-2026,21,ar ARG,Chelsea,eng Premier League,1,12,0.1,0,1,1,0,0,0,0,0,0,0,FW,7aa8adfe
357,Idrissa Gana Gueye,2025-2026,35,sn SEN,Everton,eng Premier League,5,435,4.8,5,0,0,1,0,1,1,0,0,0,MF,72c812f3
358,Cody Gakpo,2025-2026,26,nl NED,Liverpool,eng Premier League,5,419,4.7,5,0,0,1,2,3,1,0,0,0,FWMF,1971591f
359,Niclas Füllkrug,2025-2026,32,de GER,West Ham,eng Premier League,4,230,2.6,3,1,1,0,0,0,0,0,0,0,FW,4f16405e
360,Jeremie Frimpong,2025-2026,24,nl NED,Liverpool,eng Premier League,2,63,0.7,1,1,1,0,0,0,0,0,0,0,DF,74f2e748
361,Tyler Fredricson,2025-2026,20,eng ENG,Manchester Utd,eng Premier League,0,,,0,0,4,,,,,,,,DF,58630379
362,Lyle Foster,2025-2026,24,za RSA,Burnley,eng Premier League,5,418,4.6,5,0,0,1,1,2,1,0,0,0,FW,f84a807c
363,Wesley Fofana,2025-2026,24,fr FRA,Chelsea,eng Premier League,3,130,1.4,2,1,2,0,0,0,0,0,0,0,DF,132a82f1
364,Phil Foden,2025-2026,25,eng ENG,Manchester City,eng Premier League,3,173,1.9,2,1,0,1,0,1,1,0,0,0,MF,ed1e53f3
365,Zian Flemming,2025-2026,26,nl NED,Burnley,eng Premier League,3,27,0.3,0,3,2,0,0,0,0,0,0,0,FW,b3f36e72
366,Enzo Fernández,2025-2026,24,ar ARG,Chelsea,eng Premier League,5,438,4.9,5,0,0,2,1,3,1,1,1,0,MF,5ff4ab71
367,Mateus Fernandes,2025-2026,21,pt POR,West Ham,eng Premier League,3,218,2.4,3,0,0,0,0,0,0,0,0,0,MFFW,ef491564
368,Bruno Fernandes,2025-2026,30,pt POR,Manchester Utd,eng Premier League,5,446,5.0,5,0,0,2,0,2,1,1,2,1,MF,507c7bdf
369,Romain Faivre,2025-2026,27,fr FRA,Bournemouth,eng Premier League,0,,,0,0,1,,,,,,,,FWMF,745ca0a3
370,Łukasz Fabiański,2025-2026,40,pl POL,West Ham,eng Premier League,0,,,0,0,1,,,,,,,,GK,9328b835
371,Eberechi Eze,2025-2026,27,eng ENG,Arsenal,eng Premier League,4,227,2.5,2,2,0,0,2,2,0,0,0,0,FWMF,ae4fc6a4
372,Evanilson,2025-2026,25,br BRA,Bournemouth,eng Premier League,5,436,4.8,5,0,0,1,0,1,1,0,0,0,FW,6f3cc2fe
373,Maxime Estève,2025-2026,23,fr FRA,Burnley,eng Premier League,5,442,4.9,5,0,0,0,0,0,0,0,0,0,DF,1a066e69
374,Dario Essugo,2025-2026,20,pt POR,Chelsea,eng Premier League,0,,,0,0,3,,,,,,,,MF,1e4319ac
375,Romain Esse,2025-2026,20,eng ENG,Crystal Palace,eng Premier League,1,25,0.3,0,1,3,0,0,0,0,0,0,0,FW,87189f25
376,Wataru Endo,2025-2026,32,jp JPN,Liverpool,eng Premier League,3,34,0.4,0,3,2,0,1,1,0,0,0,0,MFDF,c149016b
377,Harvey Elliott,2025-2026,22,eng ENG,Aston Villa,eng Premier League,3,54,0.6,0,3,2,0,0,0,0,0,0,0,MFFW,b9e1436c
378,Anthony Elanga,2025-2026,23,se SWE,Newcastle Utd,eng Premier League,5,236,2.6,2,3,0,0,0,0,0,0,0,0,FWMF,2fba6108
379,Hugo Ekitike,2025-2026,23,fr FRA,Liverpool,eng Premier League,5,365,4.1,5,0,0,3,1,4,3,0,0,0,FW,5b92d896
380,Hjalmar Ekdal,2025-2026,26,se SWE,Burnley,eng Premier League,5,442,4.9,5,0,0,0,0,0,0,0,0,0,DF,3d554589
381,Marcus Edwards,2025-2026,26,eng ENG,Burnley,eng Premier League,1,6,0.1,0,1,4,0,0,0,0,0,0,0,FW,57760e66
382,Odsonne Édouard,2025-2026,27,fr FRA,Crystal Palace,eng Premier League,1,3,0.0,0,1,1,0,0,0,0,0,0,0,FW,0562b7f1
383,Ederson,2025-2026,31,br BRA,Manchester City,eng Premier League,0,,,0,0,2,,,,,,,,GK,3bb7b8b4
384,Lewis Dunk,2025-2026,33,eng ENG,Brighton,eng Premier League,5,450,5.0,5,0,0,0,0,0,0,0,0,0,DF,282f75f3
385,Martin Dúbravka,2025-2026,36,sk SVK,Burnley,eng Premier League,5,450,5.0,5,0,0,0,0,0,0,0,0,0,GK,3a949a25
386,Max Dowman,2025-2026,15,eng ENG,Arsenal,eng Premier League,2,29,0.3,0,2,1,0,0,0,0,0,0,0,FW,9008bb70
387,Patrick Dorgu,2025-2026,20,dk DEN,Manchester Utd,eng Premier League,4,360,4.0,4,0,1,0,1,1,0,0,0,0,DF,e6536124
388,Gianluigi Donnarumma,2025-2026,26,it ITA,Manchester City,eng Premier League,2,180,2.0,2,0,0,0,0,0,0,0,0,0,GK,08f5afaa
389,Jeremy Doku,2025-2026,23,be BEL,Manchester City,eng Premier League,5,283,3.1,3,2,0,0,2,2,0,0,0,0,MFFW,fffea3e5
390,Matt Doherty,2025-2026,33,ie IRL,Wolves,eng Premier League,2,180,2.0,2,0,2,0,0,0,0,0,0,0,DF,d557d734
391,Ben Doak,2025-2026,19,sct SCO,Bournemouth,eng Premier League,0,,,0,0,4,,,,,,,,FWMF,733f1a7d
392,El Hadji Malick Diouf,2025-2026,20,sn SEN,West Ham,eng Premier League,5,450,5.0,5,0,0,0,3,3,0,0,0,0,DF,bd5eb2e5
393,Issa Diop,2025-2026,28,fr FRA,Fulham,eng Premier League,0,,,0,0,2,,,,,,,,DF,a712ca2b
394,Lucas Digne,2025-2026,32,fr FRA,Aston Villa,eng Premier League,5,308,3.4,4,1,0,0,0,0,0,0,0,0,DF,1b84dbe1
395,Tyler Dibling,2025-2026,19,eng ENG,Everton,eng Premier League,1,5,0.1,0,1,2,0,0,0,0,0,0,0,FW,bdcc89ae
396,Rúben Dias,2025-2026,28,pt POR,Manchester City,eng Premier League,5,366,4.1,4,1,0,0,0,0,0,0,0,0,DF,31c69ef1
397,Habib Diarra,2025-2026,21,sn SEN,Sunderland,eng Premier League,4,345,3.8,4,0,0,0,0,0,0,0,0,0,MF,6d0fe035
398,Amad Diallo,2025-2026,23,ci CIV,Manchester Utd,eng Premier League,5,357,4.0,4,1,0,0,0,0,0,0,0,0,DFMF,9dc96f10
399,Bafodé Diakité,2025-2026,24,fr FRA,Bournemouth,eng Premier League,4,360,4.0,4,0,0,0,0,0,0,0,0,0,DF,1bfb6fef
400,Kiernan Dewsbury-Hall,2025-2026,26,eng ENG,Everton,eng Premier League,5,450,5.0,5,0,0,1,1,2,1,0,0,0,MF,5c74c0f5
401,Justin Devenny,2025-2026,21,eng NIR,Crystal Palace,eng Premier League,5,145,1.6,1,4,0,0,0,0,0,0,0,0,MFFW,6c2b66fc
402,Will Dennis,2025-2026,25,eng ENG,Bournemouth,eng Premier League,0,,,0,0,5,,,,,,,,GK,d8edc4be
403,Sepp van den Berg,2025-2026,23,nl NED,Brentford,eng Premier League,5,450,5.0,5,0,0,0,0,0,0,0,0,0,DF,7bf9400b
404,Liam Delap,2025-2026,22,eng ENG,Chelsea,eng Premier League,3,92,1.0,2,1,0,0,0,0,0,0,0,0,FW,dd897ee7
405,Maxim De Cuyper,2025-2026,24,be BEL,Brighton,eng Premier League,4,269,3.0,4,0,0,0,0,0,0,0,0,0,DF,d494882e
406,Ben Davies,2025-2026,32,wls WAL,Tottenham,eng Premier League,0,,,0,0,4,,,,,,,,DFMF,44781702
407,Karl Darlow,2025-2026,34,wls WAL,Leeds United,eng Premier League,2,180,2.0,2,0,3,0,0,0,0,0,0,0,GK,cde3309f
408,Kevin Danso,2025-2026,26,at AUT,Tottenham,eng Premier League,2,12,0.1,0,2,3,0,0,0,0,0,0,0,DF,6e33125f
409,Mikkel Damsgaard,2025-2026,25,dk DEN,Brentford,eng Premier League,3,266,3.0,3,0,0,1,0,1,1,0,0,0,MF,215f3907
410,Diogo Dalot,2025-2026,26,pt POR,Manchester Utd,eng Premier League,3,183,2.0,2,1,0,0,1,1,0,0,0,0,DF,d9565625
411,Matheus Cunha,2025-2026,26,br BRA,Manchester Utd,eng Premier League,4,236,2.6,3,1,0,0,0,0,0,0,0,0,FWMF,dc62b55d
412,Jair Cunha,2025-2026,20,br BRA,Nott'ham Forest,eng Premier League,0,,,0,0,2,,,,,,,,DF,ac31d35e
413,Josh Cullen,2025-2026,29,ie IRL,Burnley,eng Premier League,5,422,4.7,5,0,0,1,1,2,1,0,0,0,MF,f6d7d690
414,Jorge Cuenca,2025-2026,25,es ESP,Fulham,eng Premier League,2,88,1.0,1,1,2,0,0,0,0,0,0,0,DF,0abc51f2
415,Marc Cucurella,2025-2026,27,es ESP,Chelsea,eng Premier League,5,356,4.0,4,1,0,0,1,1,0,0,0,0,DF,1daec722
416,Diego Coppola,2025-2026,21,it ITA,Brighton,eng Premier League,2,17,0.2,0,2,3,0,0,0,0,0,0,0,DF,22ae86f9
417,Lewis Cook,2025-2026,28,eng ENG,Bournemouth,eng Premier League,1,4,0.0,0,1,0,0,0,0,0,0,0,0,MF,2afc7272
418,Nathan Collins,2025-2026,24,ie IRL,Brentford,eng Premier League,5,450,5.0,5,0,0,0,0,0,0,0,0,0,DF,a8c19eb8
419,Séamus Coleman,2025-2026,36,ie IRL,Everton,eng Premier League,1,1,0.0,0,1,4,0,0,0,0,0,0,0,FW,0420d84f
420,Nathaniel Clyne,2025-2026,34,eng ENG,Crystal Palace,eng Premier League,1,5,0.1,0,1,4,0,0,0,0,0,0,0,DF,0442183b
421,Samuel Chukwueze,2025-2026,26,ng NGA,Fulham,eng Premier League,0,,,0,0,1,,,,,,,,FWMF,b8a642fc
422,Ryan Christie,2025-2026,30,sct SCO,Bournemouth,eng Premier League,3,81,0.9,0,3,0,0,0,0,0,0,0,0,MF,26ce2263
423,Federico Chiesa,2025-2026,27,it ITA,Liverpool,eng Premier League,4,51,0.6,0,4,0,1,0,1,1,0,0,0,FW,b0f7e36c
424,Youssef Chermiti,2025-2026,21,pt POR,Everton,eng Premier League,0,,,0,0,2,,,,,,,,FW,890f108d
425,Rayan Cherki,2025-2026,21,fr FRA,Manchester City,eng Premier League,2,71,0.8,1,1,0,1,0,1,1,0,0,0,MFFW,b34c63a5
426,Trevoh Chalobah,2025-2026,26,eng ENG,Chelsea,eng Premier League,5,428,4.8,5,0,0,2,0,2,2,0,0,0,DF,5515376c
427,Timothy Castagne,2025-2026,29,be BEL,Fulham,eng Premier League,3,127,1.4,2,1,2,0,0,0,0,0,0,0,FWDF,197640fd
428,Matty Cash,2025-2026,27,pl POL,Aston Villa,eng Premier League,5,433,4.8,5,0,0,1,0,1,1,0,0,0,DF,2389cdc2
429,Casemiro,2025-2026,33,br BRA,Manchester Utd,eng Premier League,5,242,2.7,4,1,0,1,0,1,1,0,0,0,MF,4d224fe8
430,Fabio Carvalho,2025-2026,22,pt POR,Brentford,eng Premier League,4,96,1.1,1,3,1,1,0,1,1,0,0,0,FWMF,966e28d0
431,Rio Cardines,2025-2026,19,tt TRI,Crystal Palace,eng Premier League,0,,,0,0,5,,,,,,,,MF,702812fe
432,Jaydee Canvot,2025-2026,19,fr FRA,Crystal Palace,eng Premier League,0,,,0,0,2,,,,,,,,MF,3684108d
433,Elijah Campbell,2025-2026,20,eng ENG,Everton,eng Premier League,0,,,0,0,1,,,,,,,,DF,48ba3f58
434,Dominic Calvert-Lewin,2025-2026,28,eng ENG,Leeds United,eng Premier League,3,178,2.0,2,1,0,1,0,1,1,0,0,0,FW,59e6e5bf
435,Riccardo Calafiori,2025-2026,23,it ITA,Arsenal,eng Premier League,5,381,4.2,5,0,0,1,2,3,1,0,0,0,DF,aded8e6f
436,Tom Cairney,2025-2026,34,sct SCO,Fulham,eng Premier League,3,37,0.4,0,3,2,0,0,0,0,0,0,0,MF,a8748947
437,Moisés Caicedo,2025-2026,23,ec ECU,Chelsea,eng Premier League,5,450,5.0,5,0,0,2,0,2,2,0,0,0,MF,16264a81
438,Sam Byram,2025-2026,31,eng ENG,Leeds United,eng Premier League,1,8,0.1,0,1,1,0,0,0,0,0,0,0,DF,1bf811d4
439,Dan Burn,2025-2026,33,eng ENG,Newcastle Utd,eng Premier League,5,450,5.0,5,0,0,0,0,0,0,0,0,0,DF,b2d31e83
440,Facundo Buonanotte,2025-2026,20,ar ARG,Chelsea,eng Premier League,1,45,0.5,1,0,0,0,0,0,0,0,0,0,MF,468a7a91
441,Santiago Bueno,2025-2026,26,uy URU,Wolves,eng Premier League,2,125,1.4,1,1,3,0,0,0,0,0,0,0,DF,edc98fac
442,Hugo Bueno,2025-2026,22,es ESP,Wolves,eng Premier League,5,274,3.0,2,3,0,0,0,0,0,0,0,0,MFDF,bfc3b3a0
443,Emi Buendía,2025-2026,28,ar ARG,Aston Villa,eng Premier League,4,231,2.6,2,2,1,0,0,0,0,0,0,0,FWMF,66b76d44
444,Jacob Bruun Larsen,2025-2026,26,dk DEN,Burnley,eng Premier League,3,177,2.0,2,1,0,0,1,1,0,0,0,0,FWMF,4e204552
445,David Brooks,2025-2026,28,wls WAL,Bournemouth,eng Premier League,5,339,3.8,5,0,0,0,1,1,0,0,0,0,FWMF,dc4cae05
446,Armando Broja,2025-2026,23,al ALB,Burnley,eng Premier League,1,2,0.0,0,1,1,0,0,0,0,0,0,0,FW,97220da2
447,Brian Brobbey,2025-2026,23,nl NED,Sunderland,eng Premier League,1,22,0.2,0,1,1,0,0,0,0,0,0,0,FW,4c184730
448,Conor Bradley,2025-2026,22,eng NIR,Liverpool,eng Premier League,3,146,1.6,1,2,1,0,0,0,0,0,0,0,DF,bbd67769
449,Jarrod Bowen,2025-2026,28,eng ENG,West Ham,eng Premier League,5,450,5.0,5,0,0,2,0,2,2,0,0,0,FW,79c84d1c
450,Sven Botman,2025-2026,25,nl NED,Newcastle Utd,eng Premier League,3,158,1.8,2,1,2,0,0,0,0,0,0,0,DF,ccce7025
451,Olivier Boscagli,2025-2026,27,fr FRA,Brighton,eng Premier League,0,,,0,0,5,,,,,,,,DF,403f5d20
452,Sebastiaan Bornauw,2025-2026,26,be BEL,Leeds United,eng Premier League,0,,,0,0,3,,,,,,,,DF,01834aa0
453,Willy Boly,2025-2026,34,ci CIV,Nott'ham Forest,eng Premier League,0,,,0,0,4,,,,,,,,DF,a4ac4b8f
454,Jayden Bogle,2025-2026,25,eng ENG,Leeds United,eng Premier League,5,434,4.8,5,0,0,0,0,0,0,0,0,0,DF,ae5019e6
455,Lamare Bogarde,2025-2026,21,nl NED,Aston Villa,eng Premier League,4,111,1.2,1,3,1,0,0,0,0,0,0,0,MF,bca5c4a7
456,Oscar Bobb,2025-2026,22,no NOR,Manchester City,eng Premier League,4,258,2.9,3,1,1,0,1,1,0,0,0,0,FWMF,eed2427e
457,Marco Bizot,2025-2026,34,nl NED,Aston Villa,eng Premier League,2,180,2.0,2,0,3,0,0,0,0,0,0,0,GK,3d214e5f
458,Philip Billing,2025-2026,29,dk DEN,Bournemouth,eng Premier League,0,,,0,0,1,,,,,,,,MF,d328a254
459,Jaka Bijol,2025-2026,26,si SVN,Leeds United,eng Premier League,0,,,0,0,4,,,,,,,,DFMF,6fdac234
460,Beto,2025-2026,27,gw GNB,Everton,eng Premier League,5,311,3.5,4,1,0,1,0,1,1,0,0,0,FW,ed5c0319
461,Lucas Bergvall,2025-2026,19,se SWE,Tottenham,eng Premier League,5,288,3.2,3,2,0,1,1,2,1,0,0,0,MF,a109e5c8
462,Sander Berge,2025-2026,27,no NOR,Fulham,eng Premier League,5,418,4.6,5,0,0,0,0,0,0,0,0,0,MF,d0b6129f
463,Daniel Bentley,2025-2026,32,eng ENG,Wolves,eng Premier League,0,,,0,0,1,,,,,,,,GK,68db6358
464,Rodrigo Bentancur,2025-2026,28,uy URU,Tottenham,eng Premier League,4,260,2.9,3,1,1,0,0,0,0,0,0,0,MF,3b8674e6
465,Walter Benítez,2025-2026,32,ar ARG,Crystal Palace,eng Premier League,0,,,0,0,4,,,,,,,,GK,8a2248b4
466,Jean-Ricner Bellegarde,2025-2026,27,ht HAI,Wolves,eng Premier League,5,214,2.4,3,2,0,0,0,0,0,0,0,0,MFFW,10f0fdd3
467,Altay Bayındır,2025-2026,27,tr TUR,Manchester Utd,eng Premier League,5,450,5.0,5,0,0,0,0,0,0,0,0,0,GK,072e68ed
468,Calvin Bassey,2025-2026,25,ng NGA,Fulham,eng Premier League,5,450,5.0,5,0,0,0,0,0,0,0,0,0,DF,a36524bf
469,Thierno Barry,2025-2026,22,fr FRA,Everton,eng Premier League,5,144,1.6,1,4,0,0,0,0,0,0,0,0,FW,52c3244b
470,Harvey Barnes,2025-2026,27,eng ENG,Newcastle Utd,eng Premier League,5,295,3.3,3,2,0,0,0,0,0,0,0,0,FWMF,3ea50f67
471,Ashley Barnes,2025-2026,35,eng ENG,Burnley,eng Premier League,0,,,0,0,1,,,,,,,,FWMF,2691c772
472,Daniel Ballard,2025-2026,25,eng NIR,Sunderland,eng Premier League,3,152,1.7,2,1,0,1,0,1,1,0,0,0,DF,38f300f3
473,Carlos Baleba,2025-2026,21,cm CMR,Brighton,eng Premier League,5,242,2.7,4,1,0,0,0,0,0,0,0,0,MF,a1390d2f
474,Dilane Bakwa,2025-2026,22,fr FRA,Nott'ham Forest,eng Premier League,2,89,1.0,1,1,0,0,0,0,0,0,0,0,FW,2b5a35e5
475,Adam Aznou,2025-2026,19,ma MAR,Everton,eng Premier League,0,,,0,0,2,,,,,,,,DF,e678d983
476,Yasin Ayari,2025-2026,21,se SWE,Brighton,eng Premier League,5,364,4.0,3,2,0,1,0,1,1,0,0,0,MF,f173303a
477,Taiwo Awoniyi,2025-2026,27,ng NGA,Nott'ham Forest,eng Premier League,0,,,0,0,1,,,,,,,,FW,e5478b87
478,Benjamin Arthur,2025-2026,19,eng ENG,Brentford,eng Premier League,0,,,0,0,1,,,,,,,,DF,093f0923
479,Kepa Arrizabalaga,2025-2026,30,es ESP,Arsenal,eng Premier League,0,,,0,0,5,,,,,,,,GK,28d596a0
480,Tolu Arokodare,2025-2026,24,ng NGA,Wolves,eng Premier League,2,155,1.7,2,0,0,0,0,0,0,0,0,0,FW,a42760bc
481,Harrison Armstrong,2025-2026,18,eng ENG,Everton,eng Premier League,1,1,0.0,0,1,2,0,0,0,0,0,0,0,FW,de59e609
482,Jhon Arias,2025-2026,27,co COL,Wolves,eng Premier League,5,180,2.0,2,3,0,0,0,0,0,0,0,0,FWMF,86d96066
483,Alphonse Areola,2025-2026,32,fr FRA,West Ham,eng Premier League,1,90,1.0,1,0,4,0,0,0,0,0,0,0,GK,2f965a72
484,Julian Araujo,2025-2026,23,mx MEX,Bournemouth,eng Premier League,0,,,0,0,3,,,,,,,,DF,8f4541c2
485,Jaidon Anthony,2025-2026,25,eng ENG,Burnley,eng Premier League,5,442,4.9,5,0,0,3,1,4,3,0,0,0,MFFW,e4238fb1
486,Andre Annous,2025-2026,17,eng ENG,Arsenal,eng Premier League,0,,,0,0,1,,,,,,,,FW,2d14071d
487,André,2025-2026,24,br BRA,Wolves,eng Premier League,5,263,2.9,3,2,0,0,0,0,0,0,0,0,MF,ec604e2c
488,Elliot Anderson,2025-2026,22,eng ENG,Nott'ham Forest,eng Premier League,5,450,5.0,5,0,0,0,1,1,0,0,0,0,MF,de31038e
489,Joachim Andersen,2025-2026,29,dk DEN,Fulham,eng Premier League,5,450,5.0,5,0,0,0,0,0,0,0,0,0,DF,e34fc66d
490,Ethan Ampadu,2025-2026,24,wls WAL,Leeds United,eng Premier League,3,257,2.9,3,0,0,0,0,0,0,0,0,0,MF,10b9fa99
491,Edson Álvarez,2025-2026,27,mx MEX,West Ham,eng Premier League,0,,,0,0,1,,,,,,,,DFMF,8b3ab7ad
492,Alisson,2025-2026,32,br BRA,Liverpool,eng Premier League,5,450,5.0,5,0,0,0,0,0,0,0,0,0,GK,7a2e46a8
493,Omar Alderete,2025-2026,28,py PAR,Sunderland,eng Premier League,5,398,4.4,4,1,0,0,1,1,0,0,0,0,DF,bb08bce9
494,Carlos Alcaraz,2025-2026,22,ar ARG,Everton,eng Premier League,4,120,1.3,1,3,1,0,0,0,0,0,0,0,FWMF,4abac767
495,Nathan Aké,2025-2026,30,nl NED,Manchester City,eng Premier League,3,94,1.0,0,3,2,0,0,0,0,0,0,0,DF,eaeca114
496,Manuel Akanji,2025-2026,30,ch SUI,Manchester City,eng Premier League,0,,,0,0,2,,,,,,,,DFMF,89ac64a6
497,Kristoffer Ajer,2025-2026,27,no NOR,Brentford,eng Premier League,3,31,0.3,0,3,2,0,1,1,0,0,0,0,DF,a8c0acb7
498,Rayan Aït-Nouri,2025-2026,24,dz ALG,Manchester City,eng Premier League,3,202,2.2,3,0,0,0,0,0,0,0,0,0,DF,9b398aea
499,Ola Aina,2025-2026,28,ng NGA,Nott'ham Forest,eng Premier League,3,270,3.0,3,0,0,0,0,0,0,0,0,0,DF,246d153b
500,Nayef Aguerd,2025-2026,29,ma MAR,West Ham,eng Premier League,2,180,2.0,2,0,0,0,0,0,0,0,0,0,DF,288e1e13
501,Emmanuel Agbadou,2025-2026,28,ci CIV,Wolves,eng Premier League,5,450,5.0,5,0,0,0,0,0,0,0,0,0,DF,75f1ed80
502,Amine Adli,2025-2026,25,ma MAR,Bournemouth,eng Premier League,4,92,1.0,0,4,0,0,0,0,0,0,0,0,FWMF,dcfb17f4
503,Simon Adingra,2025-2026,23,ci CIV,Sunderland,eng Premier League,4,231,2.6,3,1,1,0,0,0,0,0,0,0,FW,4dcec659
504,Tosin Adarabioyo,2025-2026,27,eng ENG,Chelsea,eng Premier League,4,354,3.9,3,1,0,0,0,0,0,0,0,0,DF,c81d773d
505,Tyler Adams,2025-2026,26,us USA,Bournemouth,eng Premier League,5,446,5.0,5,0,0,0,0,0,0,0,0,0,MF,2b09d998
506,Joshua Acheampong,2025-2026,19,eng ENG,Chelsea,eng Premier League,1,90,1.0,1,0,3,0,0,0,0,0,0,0,DF,b7e62e1d
507,Zach Abbott,2025-2026,19,eng ENG,Nott'ham Forest,eng Premier League,0,,,0,0,1,,,,,,,,DF,c103921a
508,Brenden Aaronson,2025-2026,24,us USA,Leeds United,eng Premier League,5,245,2.7,2,3,0,0,0,0,0,0,0,0,FW,5bc43860































